0.000, -183.800, 80.200, 0.000
0.050, -183.800, 78.700, 0.000
0.100, -183.800, 78.700, 0.000
0.150, -183.800, 78.700, -0.013
0.200, -183.800, 78.698, 0.043
0.250, -183.800, 78.696, 0.042
0.300, -183.800, 78.690, 0.165
0.350, -183.799, 78.675, 0.350
0.400, -183.794, 78.651, 0.511
0.450, -183.787, 78.616, 0.773
0.500, -183.774, 78.565, 1.108
0.550, -183.754, 78.497, 1.409
0.600, -183.727, 78.418, 1.659
0.650, -183.694, 78.327, 1.889
0.700, -183.659, 78.227, 2.104
0.750, -183.621, 78.116, 2.311
0.800, -183.580, 77.996, 2.514
0.850, -183.537, 77.867, 2.715
0.900, -183.492, 77.728, 2.915
0.950, -183.445, 77.580, 3.115
1.000, -183.396, 77.422, 3.317
1.050, -183.345, 77.254, 3.519
1.100, -183.292, 77.077, 3.721
1.150, -183.239, 76.890, 3.923
1.200, -183.184, 76.693, 4.124
1.250, -183.128, 76.487, 4.326
1.300, -183.072, 76.270, 4.527
1.350, -183.014, 76.044, 4.727
1.400, -182.957, 75.807, 4.927
1.450, -182.898, 75.561, 5.128
1.500, -182.841, 75.304, 5.326
1.550, -182.783, 75.037, 5.525
1.600, -182.726, 74.760, 5.722
1.650, -182.669, 74.473, 5.919
1.700, -182.613, 74.176, 6.115
1.750, -182.557, 73.869, 6.308
1.800, -182.502, 73.552, 6.499
1.850, -182.448, 73.225, 6.687
1.900, -182.395, 72.888, 6.871
1.950, -182.342, 72.543, 7.052
2.000, -182.291, 72.188, 7.230
2.050, -182.243, 71.823, 7.404
2.100, -182.195, 71.450, 7.574
2.150, -182.149, 71.069, 7.742
2.200, -182.104, 70.678, 7.905
2.250, -182.060, 70.280, 8.066
2.300, -182.018, 69.874, 8.224
2.350, -181.978, 69.459, 8.378
2.400, -181.940, 69.037, 8.529
2.450, -181.903, 68.607, 8.678
2.500, -181.869, 68.169, 8.823
2.550, -181.837, 67.724, 8.967
2.600, -181.806, 67.272, 9.107
2.650, -181.776, 66.813, 9.245
2.700, -181.748, 66.347, 9.381
2.750, -181.723, 65.874, 9.514
2.800, -181.698, 65.395, 9.646
2.850, -181.676, 64.909, 9.774
2.900, -181.654, 64.416, 9.902
2.950, -181.634, 63.917, 10.027
3.000, -181.615, 63.412, 10.150
3.050, -181.597, 62.901, 10.271
3.100, -181.580, 62.384, 10.390
3.150, -181.565, 61.861, 10.508
3.200, -181.550, 61.332, 10.624
3.250, -181.537, 60.797, 10.738
3.300, -181.525, 60.256, 10.850
3.350, -181.513, 59.710, 10.961
3.400, -181.503, 59.159, 11.070
3.450, -181.493, 58.602, 11.177
3.500, -181.484, 58.040, 11.283
3.550, -181.476, 57.472, 11.388
3.600, -181.468, 56.899, 11.492
3.650, -181.461, 56.321, 11.594
3.700, -181.455, 55.738, 11.694
3.750, -181.451, 55.150, 11.794
3.800, -181.446, 54.558, 11.892
3.850, -181.441, 53.960, 11.989
3.900, -181.436, 53.357, 12.084
3.950, -181.432, 52.750, 12.179
4.000, -181.429, 52.138, 12.272
4.050, -181.426, 51.521, 12.364
4.100, -181.424, 50.900, 12.455
4.150, -181.421, 50.275, 12.544
4.200, -181.418, 49.644, 12.633
4.250, -181.415, 49.010, 12.720
4.300, -181.412, 48.371, 12.806
4.350, -181.410, 47.728, 12.891
4.400, -181.409, 47.081, 12.975
4.450, -181.407, 46.429, 13.057
4.500, -181.405, 45.774, 13.138
4.550, -181.404, 45.114, 13.219
4.600, -181.402, 44.451, 13.298
4.650, -181.400, 43.783, 13.375
4.700, -181.398, 43.112, 13.452
4.750, -181.396, 42.437, 13.528
4.800, -181.394, 41.758, 13.602
4.850, -181.392, 41.076, 13.675
4.900, -181.390, 40.389, 13.747
4.950, -181.389, 39.700, 13.818
5.000, -181.388, 39.007, 13.888
5.050, -181.387, 38.310, 13.956
5.100, -181.386, 37.610, 14.023
5.150, -181.385, 36.907, 14.089
5.200, -181.384, 36.200, 14.154
5.250, -181.382, 35.490, 14.218
5.300, -181.381, 34.777, 14.281
5.350, -181.380, 34.061, 14.343
5.400, -181.379, 33.342, 14.404
5.450, -181.378, 32.620, 14.464
5.500, -181.377, 31.895, 14.522
5.550, -181.376, 31.167, 14.580
5.600, -181.375, 30.436, 14.637
5.650, -181.374, 29.702, 14.692
5.700, -181.373, 28.966, 14.747
5.750, -181.372, 28.227, 14.801
5.800, -181.371, 27.485, 14.854
5.850, -181.369, 26.741, 14.905
5.900, -181.368, 25.994, 14.956
5.950, -181.367, 25.244, 15.006
6.000, -181.366, 24.492, 15.055
6.050, -181.365, 23.738, 15.103
6.100, -181.364, 22.981, 15.151
6.150, -181.363, 22.222, 15.197
6.200, -181.362, 21.461, 15.243
6.250, -181.362, 20.697, 15.287
6.300, -181.361, 19.932, 15.331
6.350, -181.360, 19.164, 15.374
6.400, -181.359, 18.394, 15.416
6.450, -181.358, 17.621, 15.458
6.500, -181.357, 16.847, 15.498
6.550, -181.356, 16.071, 15.538
6.600, -181.355, 15.293, 15.577
6.650, -181.354, 14.513, 15.615
6.700, -181.353, 13.731, 15.653
6.750, -181.352, 12.947, 15.690
6.800, -181.351, 12.161, 15.726
6.850, -181.350, 11.374, 15.761
6.900, -181.349, 10.585, 15.796
6.950, -181.349, 9.794, 15.830
7.000, -181.348, 9.001, 15.864
7.050, -181.347, 8.207, 15.896
7.100, -181.346, 7.411, 15.929
7.150, -181.345, 6.614, 15.960
7.200, -181.344, 5.815, 15.991
7.250, -181.343, 5.014, 16.021
7.300, -181.343, 4.212, 16.051
7.350, -181.342, 3.409, 16.080
7.400, -181.341, 2.604, 16.108
7.450, -181.340, 1.797, 16.136
7.500, -181.339, 0.990, 16.164
7.550, -181.339, 0.181, 16.191
7.600, -181.337, -0.630, 16.217
7.650, -181.335, -1.442, 16.242
7.700, -181.333, -2.254, 16.267
7.750, -181.332, -3.069, 16.292
7.800, -181.330, -3.884, 16.316
7.850, -181.328, -4.700, 16.339
7.900, -181.327, -5.518, 16.363
7.950, -181.325, -6.337, 16.385
8.000, -181.323, -7.157, 16.408
8.050, -181.321, -7.978, 16.429
8.100, -181.318, -8.800, 16.450
8.150, -181.315, -9.623, 16.471
8.200, -181.313, -10.448, 16.491
8.250, -181.310, -11.273, 16.511
8.300, -181.308, -12.099, 16.531
8.350, -181.305, -12.926, 16.550
8.400, -181.303, -13.754, 16.569
8.450, -181.300, -14.583, 16.587
8.500, -181.297, -15.413, 16.605
8.550, -181.295, -16.244, 16.623
8.600, -181.292, -17.076, 16.641
8.650, -181.290, -17.908, 16.658
8.700, -181.287, -18.742, 16.674
8.750, -181.284, -19.576, 16.691
8.800, -181.280, -20.411, 16.706
8.850, -181.277, -21.247, 16.722
8.900, -181.273, -22.084, 16.737
8.950, -181.270, -22.921, 16.752
9.000, -181.266, -23.759, 16.766
9.050, -181.263, -24.598, 16.781
9.100, -181.259, -25.437, 16.795
9.150, -181.256, -26.277, 16.809
9.200, -181.252, -27.118, 16.822
9.250, -181.249, -27.960, 16.835
9.300, -181.245, -28.802, 16.848
9.350, -181.241, -29.645, 16.861
9.400, -181.238, -30.488, 16.873
9.450, -181.234, -31.332, 16.886
9.500, -181.231, -32.177, 16.897
9.550, -181.227, -33.022, 16.909
9.600, -181.223, -33.868, 16.921
9.650, -181.220, -34.714, 16.932
9.700, -181.216, -35.561, 16.943
9.750, -181.213, -36.409, 16.954
9.800, -181.209, -37.257, 16.964
9.850, -181.205, -38.105, 16.974
9.900, -181.202, -38.954, 16.985
9.950, -181.198, -39.804, 16.994
10.000, -181.195, -40.654, 17.004
10.050, -181.190, -41.504, 17.014
10.100, -181.185, -42.355, 17.023
10.150, -181.181, -43.207, 17.031
10.200, -181.176, -44.059, 17.040
10.250, -181.172, -44.911, 17.049
10.300, -181.168, -45.764, 17.057
10.350, -181.163, -46.617, 17.065
10.400, -181.159, -47.470, 17.073
10.450, -181.154, -48.324, 17.081
10.500, -181.149, -49.178, 17.089
10.550, -181.145, -50.033, 17.097
10.600, -181.140, -50.888, 17.104
10.650, -181.136, -51.744, 17.111
10.700, -181.131, -52.599, 17.119
10.750, -181.127, -53.455, 17.126
10.800, -181.122, -54.312, 17.132
10.850, -181.117, -55.169, 17.139
10.900, -181.113, -56.026, 17.146
10.950, -181.108, -56.883, 17.152
11.000, -181.104, -57.741, 17.159
11.050, -181.099, -58.599, 17.165
11.100, -181.095, -59.458, 17.171
11.150, -181.090, -60.317, 17.177
11.200, -181.085, -61.176, 17.183
11.250, -181.081, -62.035, 17.188
11.300, -181.076, -62.894, 17.194
11.350, -181.072, -63.754, 17.199
11.400, -181.067, -64.614, 17.205
11.450, -181.061, -65.475, 17.210
11.500, -181.056, -66.335, 17.214
11.550, -181.050, -67.196, 17.219
11.600, -181.045, -68.057, 17.224
11.650, -181.040, -68.919, 17.229
11.700, -181.034, -69.780, 17.233
11.750, -181.029, -70.642, 17.238
11.800, -181.023, -71.504, 17.242
11.850, -181.018, -72.366, 17.246
11.900, -181.012, -73.229, 17.251
11.950, -181.006, -74.091, 17.255
12.000, -181.001, -74.954, 17.259
12.050, -180.995, -75.817, 17.263
12.100, -180.990, -76.680, 17.267
12.150, -180.984, -77.544, 17.270
12.200, -180.979, -78.408, 17.274
12.250, -180.973, -79.271, 17.278
12.300, -180.967, -80.135, 17.282
12.350, -180.962, -80.999, 17.285
12.400, -180.956, -81.864, 17.289
12.450, -180.951, -82.728, 17.292
12.500, -180.945, -83.593, 17.295
12.550, -180.940, -84.458, 17.298
12.600, -180.934, -85.323, 17.302
12.650, -180.929, -86.188, 17.305
12.700, -180.923, -87.053, 17.308
12.750, -180.917, -87.919, 17.311
12.800, -180.912, -88.784, 17.314
12.850, -180.905, -89.650, 17.316
12.900, -180.898, -90.516, 17.319
12.950, -180.892, -91.382, 17.322
13.000, -180.886, -92.248, 17.324
13.050, -180.879, -93.114, 17.327
13.100, -180.873, -93.981, 17.329
13.150, -180.866, -94.847, 17.331
13.200, -180.860, -95.714, 17.334
13.250, -180.853, -96.581, 17.336
13.300, -180.847, -97.448, 17.338
13.350, -180.840, -98.315, 17.341
13.400, -180.834, -99.182, 17.343
13.450, -180.827, -100.049, 17.345
13.500, -180.820, -100.916, 17.347
13.550, -180.814, -101.783, 17.349
13.600, -180.807, -102.651, 17.351
13.650, -180.801, -103.519, 17.353
13.700, -180.794, -104.386, 17.355
13.750, -180.787, -105.254, 17.357
13.800, -180.781, -106.122, 17.359
13.850, -180.774, -106.990, 17.361
13.900, -180.768, -107.858, 17.363
13.950, -180.761, -108.726, 17.365
14.000, -180.755, -109.594, 17.366
14.050, -180.748, -110.463, 17.368
14.100, -180.742, -111.331, 17.370
14.150, -180.735, -112.200, 17.371
14.200, -180.727, -113.068, 17.373
14.250, -180.720, -113.937, 17.374
14.300, -180.712, -114.806, 17.375
14.350, -180.705, -115.674, 17.377
14.400, -180.697, -116.543, 17.378
14.450, -180.690, -117.412, 17.379
14.500, -180.682, -118.281, 17.381
14.550, -180.675, -119.150, 17.382
14.600, -180.667, -120.019, 17.383
14.650, -180.660, -120.889, 17.384
14.700, -180.652, -121.758, 17.386
14.750, -180.645, -122.627, 17.387
14.800, -180.637, -123.496, 17.388
14.850, -180.629, -124.366, 17.389
14.900, -180.622, -125.235, 17.391
14.950, -180.614, -126.105, 17.392
15.000, -180.607, -126.974, 17.393
15.050, -180.599, -127.844, 17.394
15.100, -180.592, -128.714, 17.395
15.150, -180.584, -129.584, 17.396
15.200, -180.576, -130.453, 17.397
15.250, -180.569, -131.323, 17.398
15.300, -180.561, -132.193, 17.399
15.350, -180.554, -133.063, 17.400
15.400, -180.545, -133.933, 17.401
15.450, -180.536, -134.803, 17.402
15.500, -180.528, -135.673, 17.402
15.550, -180.519, -136.543, 17.403
15.600, -180.511, -137.413, 17.404
15.650, -180.502, -138.284, 17.405
15.700, -180.494, -139.154, 17.405
15.750, -180.485, -140.024, 17.406
15.800, -180.477, -140.894, 17.407
15.850, -180.468, -141.765, 17.408
15.900, -180.459, -142.635, 17.408
15.950, -180.451, -143.505, 17.409
16.000, -180.442, -144.376, 17.410
16.050, -180.434, -145.246, 17.411
16.100, -180.425, -146.117, 17.411
16.150, -180.416, -146.987, 17.412
16.200, -180.408, -147.858, 17.413
16.250, -180.399, -148.729, 17.413
16.300, -180.389, -149.599, 17.414
16.350, -180.380, -150.470, 17.414
16.400, -180.370, -151.341, 17.415
16.450, -180.361, -152.211, 17.415
16.500, -180.351, -153.082, 17.416
16.550, -180.342, -153.953, 17.416
16.600, -180.332, -154.823, 17.417
16.650, -180.323, -155.694, 17.417
16.700, -180.313, -156.565, 17.418
16.750, -180.303, -157.436, 17.418
16.800, -180.294, -158.307, 17.419
16.850, -180.284, -159.178, 17.419
16.900, -180.274, -160.049, 17.420
16.950, -180.265, -160.920, 17.420
17.000, -180.255, -161.790, 17.421
17.050, -180.244, -162.661, 17.421
17.100, -180.234, -163.532, 17.421
17.150, -180.223, -164.403, 17.421
17.200, -180.212, -165.274, 17.422
17.250, -180.202, -166.145, 17.422
17.300, -180.191, -167.017, 17.422
17.350, -180.181, -167.888, 17.423
17.400, -180.170, -168.759, 17.423
17.450, -180.160, -169.630, 17.423
17.500, -180.148, -170.501, 17.424
17.550, -180.136, -171.372, 17.424
17.600, -180.124, -172.243, 17.424
17.650, -180.113, -173.114, 17.424
17.700, -180.101, -173.985, 17.424
17.750, -180.089, -174.856, 17.424
17.800, -180.078, -175.728, 17.425
17.850, -180.065, -176.599, 17.425
17.900, -180.052, -177.470, 17.425
17.950, -180.039, -178.341, 17.425
18.000, -180.027, -179.212, 17.425
18.050, -180.014, -180.083, 17.425
18.100, -180.000, -180.955, 17.425
18.150, -179.985, -181.826, 17.425
18.200, -179.970, -182.697, 17.425
18.250, -179.956, -183.568, 17.424
18.300, -179.941, -184.439, 17.424
18.350, -179.927, -185.310, 17.424
18.400, -179.911, -186.181, 17.424
18.450, -179.893, -187.052, 17.424
18.500, -179.874, -187.923, 17.423
18.550, -179.852, -188.794, 17.422
18.600, -179.825, -189.665, 17.419
18.650, -179.793, -190.535, 17.416
18.700, -179.755, -191.404, 17.410
18.750, -179.708, -192.273, 17.403
18.800, -179.653, -193.141, 17.393
18.850, -179.587, -194.008, 17.380
18.900, -179.511, -194.873, 17.365
18.950, -179.425, -195.736, 17.348
19.000, -179.326, -196.597, 17.329
19.050, -179.216, -197.456, 17.307
19.100, -179.094, -198.311, 17.284
19.150, -178.960, -199.164, 17.259
19.200, -178.813, -200.013, 17.234
19.250, -178.654, -200.858, 17.208
19.300, -178.483, -201.700, 17.181
19.350, -178.299, -202.537, 17.154
19.400, -178.104, -203.371, 17.127
19.450, -177.896, -204.200, 17.100
19.500, -177.678, -205.025, 17.075
19.550, -177.448, -205.845, 17.050
19.600, -177.208, -206.662, 17.027
19.650, -176.957, -207.474, 17.004
19.700, -176.697, -208.282, 16.983
19.750, -176.427, -209.086, 16.963
19.800, -176.148, -209.886, 16.944
19.850, -175.861, -210.681, 16.927
19.900, -175.565, -211.473, 16.911
19.950, -175.261, -212.261, 16.896
20.000, -174.950, -213.046, 16.883
20.050, -174.632, -213.827, 16.870
20.100, -174.307, -214.604, 16.858
20.150, -173.975, -215.378, 16.848
20.200, -173.638, -216.150, 16.838
20.250, -173.294, -216.917, 16.830
20.300, -172.945, -217.683, 16.822
20.350, -172.592, -218.445, 16.816
20.400, -172.233, -219.205, 16.810
20.450, -171.869, -219.963, 16.805
20.500, -171.501, -220.717, 16.801
20.550, -171.128, -221.470, 16.797
20.600, -170.752, -222.221, 16.795
20.650, -170.372, -222.969, 16.793
20.700, -169.987, -223.716, 16.791
20.750, -169.599, -224.460, 16.790
20.800, -169.208, -225.202, 16.790
20.850, -168.813, -225.943, 16.790
20.900, -168.416, -226.683, 16.791
20.950, -168.015, -227.420, 16.792
21.000, -167.612, -228.157, 16.794
21.050, -167.205, -228.892, 16.796
21.100, -166.796, -229.625, 16.799
21.150, -166.384, -230.357, 16.802
21.200, -165.969, -231.088, 16.805
21.250, -165.552, -231.817, 16.808
21.300, -165.134, -232.546, 16.812
21.350, -164.713, -233.274, 16.817
21.400, -164.291, -234.001, 16.821
21.450, -163.866, -234.727, 16.826
21.500, -163.439, -235.452, 16.831
21.550, -163.010, -236.177, 16.837
21.600, -162.579, -236.900, 16.842
21.650, -162.147, -237.623, 16.848
21.700, -161.712, -238.345, 16.853
21.750, -161.276, -239.066, 16.859
21.800, -160.840, -239.787, 16.866
21.850, -160.402, -240.508, 16.872
21.900, -159.963, -241.229, 16.879
21.950, -159.523, -241.949, 16.886
22.000, -159.081, -242.669, 16.893
22.050, -158.639, -243.389, 16.900
22.100, -158.195, -244.108, 16.907
22.150, -157.750, -244.828, 16.914
22.200, -157.305, -245.547, 16.922
22.250, -156.860, -246.267, 16.929
22.300, -156.415, -246.987, 16.937
22.350, -155.969, -247.707, 16.945
22.400, -155.523, -248.428, 16.954
22.450, -155.076, -249.149, 16.962
22.500, -154.630, -249.871, 16.970
22.550, -154.185, -250.593, 16.978
22.600, -153.741, -251.317, 16.986
22.650, -153.297, -252.041, 16.993
22.700, -152.853, -252.766, 17.000
22.750, -152.411, -253.492, 17.007
22.800, -151.970, -254.220, 17.014
22.850, -151.531, -254.949, 17.020
22.900, -151.094, -255.679, 17.026
22.950, -150.658, -256.411, 17.031
23.000, -150.226, -257.144, 17.035
23.050, -149.796, -257.880, 17.039
23.100, -149.371, -258.618, 17.041
23.150, -148.950, -259.359, 17.043
23.200, -148.535, -260.103, 17.043
23.250, -148.124, -260.850, 17.042
23.300, -147.719, -261.599, 17.040
23.350, -147.320, -262.352, 17.037
23.400, -146.926, -263.107, 17.034
23.450, -146.539, -263.866, 17.029
23.500, -146.158, -264.627, 17.024
23.550, -145.784, -265.391, 17.018
23.600, -145.416, -266.158, 17.011
23.650, -145.057, -266.928, 17.003
23.700, -144.704, -267.701, 16.995
23.750, -144.358, -268.477, 16.987
23.800, -144.019, -269.255, 16.979
23.850, -143.686, -270.036, 16.971
23.900, -143.361, -270.819, 16.963
23.950, -143.042, -271.604, 16.955
24.000, -142.731, -272.392, 16.947
24.050, -142.426, -273.183, 16.939
24.100, -142.129, -273.975, 16.931
24.150, -141.838, -274.770, 16.923
24.200, -141.555, -275.567, 16.916
24.250, -141.278, -276.366, 16.908
24.300, -141.009, -277.166, 16.900
24.350, -140.747, -277.969, 16.893
24.400, -140.492, -278.774, 16.886
24.450, -140.243, -279.581, 16.878
24.500, -140.002, -280.389, 16.871
24.550, -139.767, -281.199, 16.865
24.600, -139.538, -282.010, 16.858
24.650, -139.315, -282.822, 16.853
24.700, -139.099, -283.636, 16.847
24.750, -138.889, -284.452, 16.842
24.800, -138.685, -285.268, 16.837
24.850, -138.487, -286.086, 16.832
24.900, -138.294, -286.905, 16.828
24.950, -138.107, -287.725, 16.824
25.000, -137.925, -288.546, 16.821
25.050, -137.749, -289.369, 16.818
25.100, -137.579, -290.192, 16.815
25.150, -137.416, -291.016, 16.812
25.200, -137.257, -291.842, 16.809
25.250, -137.104, -292.668, 16.807
25.300, -136.956, -293.495, 16.805
25.350, -136.814, -294.323, 16.802
25.400, -136.678, -295.152, 16.800
25.450, -136.548, -295.981, 16.798
25.500, -136.423, -296.812, 16.796
25.550, -136.303, -297.643, 16.794
25.600, -136.189, -298.475, 16.793
25.650, -136.080, -299.307, 16.791
25.700, -135.978, -300.140, 16.789
25.750, -135.882, -300.974, 16.787
25.800, -135.791, -301.808, 16.785
25.850, -135.706, -302.643, 16.784
25.900, -135.626, -303.478, 16.782
25.950, -135.550, -304.314, 16.781
26.000, -135.481, -305.150, 16.780
26.050, -135.419, -305.986, 16.778
26.100, -135.362, -306.823, 16.777
26.150, -135.312, -307.660, 16.775
26.200, -135.267, -308.498, 16.774
26.250, -135.227, -309.335, 16.772
26.300, -135.194, -310.173, 16.771
26.350, -135.166, -311.011, 16.769
26.400, -135.145, -311.849, 16.767
26.450, -135.130, -312.687, 16.766
26.500, -135.121, -313.525, 16.764
26.550, -135.118, -314.363, 16.762
26.600, -135.121, -315.201, 16.761
26.650, -135.130, -316.039, 16.759
26.700, -135.145, -316.877, 16.757
26.750, -135.166, -317.714, 16.755
26.800, -135.194, -318.551, 16.754
26.850, -135.227, -319.388, 16.752
26.900, -135.266, -320.225, 16.750
26.950, -135.313, -321.061, 16.748
27.000, -135.367, -321.896, 16.745
27.050, -135.428, -322.731, 16.743
27.100, -135.495, -323.565, 16.740
27.150, -135.570, -324.399, 16.737
27.200, -135.651, -325.231, 16.734
27.250, -135.739, -326.063, 16.730
27.300, -135.834, -326.894, 16.727
27.350, -135.937, -327.724, 16.723
27.400, -136.048, -328.552, 16.719
27.450, -136.167, -329.379, 16.714
27.500, -136.293, -330.205, 16.710
27.550, -136.428, -331.029, 16.705
27.600, -136.570, -331.852, 16.700
27.650, -136.719, -332.673, 16.694
27.700, -136.878, -333.492, 16.689
27.750, -137.045, -334.309, 16.682
27.800, -137.221, -335.124, 16.676
27.850, -137.405, -335.937, 16.669
27.900, -137.598, -336.747, 16.663
27.950, -137.800, -337.555, 16.655
28.000, -138.012, -338.360, 16.647
28.050, -138.232, -339.162, 16.639
28.100, -138.462, -339.961, 16.630
28.150, -138.703, -340.756, 16.621
28.200, -138.953, -341.548, 16.611
28.250, -139.213, -342.336, 16.601
28.300, -139.484, -343.120, 16.589
28.350, -139.766, -343.899, 16.578
28.400, -140.058, -344.674, 16.566
28.450, -140.360, -345.444, 16.553
28.500, -140.673, -346.210, 16.541
28.550, -140.996, -346.970, 16.529
28.600, -141.327, -347.727, 16.517
28.650, -141.666, -348.479, 16.507
28.700, -142.013, -349.227, 16.498
28.750, -142.368, -349.971, 16.490
28.800, -142.729, -350.711, 16.483
28.850, -143.096, -351.449, 16.479
28.900, -143.468, -352.183, 16.475
28.950, -143.846, -352.915, 16.473
29.000, -144.228, -353.645, 16.473
29.050, -144.613, -354.373, 16.474
29.100, -145.002, -355.099, 16.477
29.150, -145.394, -355.823, 16.481
29.200, -145.789, -356.547, 16.486
29.250, -146.186, -357.269, 16.491
29.300, -146.586, -357.991, 16.498
29.350, -146.989, -358.711, 16.506
29.400, -147.392, -359.431, 16.514
29.450, -147.797, -360.151, 16.524
29.500, -148.203, -360.871, 16.534
29.550, -148.611, -361.590, 16.544
29.600, -149.021, -362.310, 16.555
29.650, -149.431, -363.029, 16.566
29.700, -149.843, -363.748, 16.578
29.750, -150.255, -364.468, 16.590
29.800, -150.667, -365.188, 16.602
29.850, -151.080, -365.909, 16.615
29.900, -151.493, -366.630, 16.628
29.950, -151.907, -367.352, 16.641
30.000, -152.321, -368.074, 16.654
30.050, -152.736, -368.797, 16.668
30.100, -153.151, -369.520, 16.681
30.150, -153.566, -370.244, 16.695
30.200, -153.982, -370.968, 16.708
30.250, -154.398, -371.693, 16.722
30.300, -154.814, -372.419, 16.735
30.350, -155.231, -373.145, 16.749
30.400, -155.648, -373.872, 16.762
30.450, -156.065, -374.599, 16.775
30.500, -156.483, -375.327, 16.788
30.550, -156.901, -376.055, 16.801
30.600, -157.319, -376.784, 16.814
30.650, -157.738, -377.514, 16.827
30.700, -158.156, -378.245, 16.839
30.750, -158.573, -378.976, 16.851
30.800, -158.990, -379.709, 16.862
30.850, -159.406, -380.443, 16.873
30.900, -159.822, -381.177, 16.884
30.950, -160.237, -381.913, 16.894
31.000, -160.652, -382.649, 16.905
31.050, -161.066, -383.386, 16.914
31.100, -161.480, -384.124, 16.924
31.150, -161.892, -384.863, 16.933
31.200, -162.305, -385.603, 16.942
31.250, -162.716, -386.343, 16.950
31.300, -163.127, -387.085, 16.959
31.350, -163.537, -387.827, 16.967
31.400, -163.947, -388.571, 16.975
31.450, -164.356, -389.315, 16.983
31.500, -164.763, -390.060, 16.990
31.550, -165.168, -390.807, 16.997
31.600, -165.572, -391.555, 17.004
31.650, -165.974, -392.304, 17.010
31.700, -166.375, -393.055, 17.016
31.750, -166.775, -393.806, 17.021
31.800, -167.173, -394.558, 17.027
31.850, -167.570, -395.311, 17.032
31.900, -167.965, -396.066, 17.037
31.950, -168.358, -396.822, 17.041
32.000, -168.750, -397.579, 17.046
32.050, -169.139, -398.337, 17.050
32.100, -169.527, -399.096, 17.054
32.150, -169.914, -399.856, 17.058
32.200, -170.298, -400.617, 17.061
32.250, -170.681, -401.380, 17.065
32.300, -171.062, -402.144, 17.068
32.350, -171.441, -402.908, 17.071
32.400, -171.819, -403.674, 17.074
32.450, -172.194, -404.441, 17.077
32.500, -172.568, -405.208, 17.080
32.550, -172.940, -405.977, 17.083
32.600, -173.309, -406.747, 17.086
32.650, -173.677, -407.519, 17.088
32.700, -174.041, -408.292, 17.090
32.750, -174.402, -409.066, 17.092
32.800, -174.761, -409.841, 17.093
32.850, -175.117, -410.618, 17.094
32.900, -175.471, -411.397, 17.095
32.950, -175.822, -412.176, 17.096
33.000, -176.171, -412.956, 17.097
33.050, -176.517, -413.738, 17.097
33.100, -176.860, -414.521, 17.098
33.150, -177.200, -415.305, 17.098
33.200, -177.537, -416.090, 17.098
33.250, -177.872, -416.877, 17.098
33.300, -178.203, -417.665, 17.099
33.350, -178.532, -418.454, 17.098
33.400, -178.858, -419.245, 17.098
33.450, -179.181, -420.036, 17.098
33.500, -179.501, -420.829, 17.098
33.550, -179.818, -421.623, 17.098
33.600, -180.132, -422.418, 17.097
33.650, -180.442, -423.214, 17.097
33.700, -180.748, -424.012, 17.096
33.750, -181.049, -424.812, 17.094
33.800, -181.345, -425.614, 17.092
33.850, -181.637, -426.417, 17.089
33.900, -181.924, -427.221, 17.086
33.950, -182.205, -428.028, 17.083
34.000, -182.482, -428.836, 17.079
34.050, -182.754, -429.645, 17.075
34.100, -183.021, -430.455, 17.071
34.150, -183.283, -431.267, 17.066
34.200, -183.540, -432.081, 17.062
34.250, -183.792, -432.895, 17.057
34.300, -184.039, -433.711, 17.053
34.350, -184.281, -434.529, 17.048
34.400, -184.519, -435.347, 17.044
34.450, -184.753, -436.166, 17.041
34.500, -184.982, -436.987, 17.037
34.550, -185.207, -437.808, 17.034
34.600, -185.429, -438.630, 17.031
34.650, -185.647, -439.453, 17.028
34.700, -185.863, -440.277, 17.026
34.750, -186.074, -441.101, 17.025
34.800, -186.283, -441.926, 17.023
34.850, -186.489, -442.752, 17.023
34.900, -186.693, -443.578, 17.022
34.950, -186.895, -444.405, 17.023
35.000, -187.094, -445.233, 17.023
35.050, -187.291, -446.061, 17.024
35.100, -187.485, -446.889, 17.025
35.150, -187.678, -447.719, 17.027
35.200, -187.868, -448.548, 17.028
35.250, -188.056, -449.379, 17.030
35.300, -188.243, -450.210, 17.032
35.350, -188.427, -451.041, 17.034
35.400, -188.609, -451.873, 17.036
35.450, -188.790, -452.706, 17.039
35.500, -188.970, -453.538, 17.041
35.550, -189.149, -454.372, 17.044
35.600, -189.327, -455.205, 17.048
35.650, -189.503, -456.039, 17.051
35.700, -189.679, -456.874, 17.055
35.750, -189.852, -457.709, 17.059
35.800, -190.023, -458.544, 17.062
35.850, -190.193, -459.381, 17.066
35.900, -190.363, -460.217, 17.069
35.950, -190.531, -461.054, 17.073
36.000, -190.699, -461.891, 17.077
36.050, -190.865, -462.729, 17.081
36.100, -191.031, -463.567, 17.085
36.150, -191.195, -464.405, 17.089
36.200, -191.358, -465.244, 17.093
36.250, -191.520, -466.083, 17.097
36.300, -191.681, -466.923, 17.101
36.350, -191.842, -467.763, 17.105
36.400, -192.001, -468.603, 17.109
36.450, -192.159, -469.444, 17.113
36.500, -192.316, -470.285, 17.117
36.550, -192.472, -471.127, 17.121
36.600, -192.627, -471.969, 17.125
36.650, -192.781, -472.812, 17.129
36.700, -192.934, -473.654, 17.133
36.750, -193.086, -474.497, 17.137
36.800, -193.238, -475.341, 17.141
36.850, -193.388, -476.185, 17.144
36.900, -193.537, -477.029, 17.148
36.950, -193.686, -477.873, 17.152
37.000, -193.835, -478.718, 17.155
37.050, -193.983, -479.563, 17.159
37.100, -194.130, -480.409, 17.163
37.150, -194.276, -481.254, 17.167
37.200, -194.422, -482.100, 17.171
37.250, -194.567, -482.947, 17.174
37.300, -194.711, -483.793, 17.178
37.350, -194.855, -484.640, 17.182
37.400, -194.998, -485.487, 17.185
37.450, -195.141, -486.335, 17.189
37.500, -195.284, -487.182, 17.193
37.550, -195.426, -488.030, 17.197
37.600, -195.566, -488.879, 17.200
37.650, -195.706, -489.727, 17.203
37.700, -195.844, -490.576, 17.207
37.750, -195.983, -491.426, 17.210
37.800, -196.122, -492.275, 17.213
37.850, -196.261, -493.124, 17.217
37.900, -196.399, -493.974, 17.220
37.950, -196.536, -494.824, 17.223
38.000, -196.671, -495.675, 17.226
38.050, -196.806, -496.526, 17.229
38.100, -196.941, -497.377, 17.232
38.150, -197.076, -498.228, 17.235
38.200, -197.211, -499.079, 17.238
38.250, -197.344, -499.931, 17.241
38.300, -197.477, -500.782, 17.244
38.350, -197.608, -501.635, 17.247
38.400, -197.740, -502.487, 17.250
38.450, -197.872, -503.339, 17.252
38.500, -198.002, -504.192, 17.255
38.550, -198.132, -505.045, 17.258
38.600, -198.261, -505.898, 17.260
38.650, -198.391, -506.752, 17.263
38.700, -198.520, -507.605, 17.265
38.750, -198.647, -508.459, 17.268
38.800, -198.775, -509.313, 17.270
38.850, -198.902, -510.167, 17.272
38.900, -199.029, -511.022, 17.275
38.950, -199.154, -511.876, 17.277
39.000, -199.280, -512.731, 17.279
39.050, -199.405, -513.586, 17.282
39.100, -199.530, -514.441, 17.284
39.150, -199.653, -515.296, 17.286
39.200, -199.775, -516.152, 17.288
39.250, -199.898, -517.008, 17.290
39.300, -200.020, -517.864, 17.291
39.350, -200.143, -518.720, 17.294
39.400, -200.264, -519.576, 17.296
39.450, -200.384, -520.432, 17.297
39.500, -200.505, -521.289, 17.299
39.550, -200.625, -522.145, 17.301
39.600, -200.744, -523.002, 17.303
39.650, -200.862, -523.859, 17.305
39.700, -200.981, -524.716, 17.306
39.750, -201.099, -525.574, 17.308
39.800, -201.216, -526.431, 17.310
39.850, -201.332, -527.289, 17.311
39.900, -201.448, -528.147, 17.313
39.950, -201.565, -529.005, 17.314
40.000, -201.680, -529.863, 17.316
40.050, -201.794, -530.721, 17.317
40.100, -201.908, -531.579, 17.319
40.150, -202.022, -532.438, 17.320
40.200, -202.136, -533.296, 17.322
40.250, -202.249, -534.155, 17.323
40.300, -202.361, -535.014, 17.325
40.350, -202.471, -535.873, 17.326
40.400, -202.582, -536.732, 17.327
40.450, -202.693, -537.592, 17.328
40.500, -202.805, -538.451, 17.330
40.550, -202.914, -539.311, 17.331
40.600, -203.023, -540.170, 17.332
40.650, -203.130, -541.030, 17.333
40.700, -203.238, -541.890, 17.334
40.750, -203.346, -542.750, 17.335
40.800, -203.454, -543.610, 17.337
40.850, -203.561, -544.471, 17.338
40.900, -203.666, -545.331, 17.339
40.950, -203.772, -546.191, 17.340
41.000, -203.878, -547.052, 17.341
41.050, -203.982, -547.913, 17.342
41.100, -204.085, -548.774, 17.343
41.150, -204.189, -549.635, 17.344
41.200, -204.293, -550.496, 17.345
41.250, -204.395, -551.357, 17.345
41.300, -204.496, -552.218, 17.346
41.350, -204.598, -553.080, 17.347
41.400, -204.699, -553.941, 17.348
41.450, -204.799, -554.803, 17.349
41.500, -204.898, -555.664, 17.349
41.550, -204.998, -556.526, 17.350
41.600, -205.097, -557.388, 17.351
41.650, -205.195, -558.250, 17.352
41.700, -205.292, -559.112, 17.352
41.750, -205.388, -559.974, 17.353
41.800, -205.484, -560.837, 17.353
41.850, -205.581, -561.699, 17.354
41.900, -205.677, -562.562, 17.355
41.950, -205.772, -563.424, 17.356
42.000, -205.866, -564.287, 17.356
42.050, -205.958, -565.150, 17.357
42.100, -206.051, -566.013, 17.357
42.150, -206.144, -566.875, 17.358
42.200, -206.236, -567.738, 17.358
42.250, -206.327, -568.602, 17.358
42.300, -206.418, -569.465, 17.359
42.350, -206.508, -570.328, 17.359
42.400, -206.598, -571.191, 17.360
42.450, -206.687, -572.055, 17.360
42.500, -206.774, -572.918, 17.361
42.550, -206.861, -573.782, 17.361
42.600, -206.949, -574.646, 17.361
42.650, -207.036, -575.509, 17.362
42.700, -207.121, -576.373, 17.362
42.750, -207.205, -577.237, 17.362
42.800, -207.290, -578.101, 17.362
42.850, -207.374, -578.965, 17.363
42.900, -207.457, -579.829, 17.363
42.950, -207.539, -580.694, 17.363
43.000, -207.620, -581.558, 17.363
43.050, -207.702, -582.422, 17.364
43.100, -207.783, -583.287, 17.364
43.150, -207.863, -584.151, 17.364
43.200, -207.942, -585.016, 17.364
43.250, -208.019, -585.881, 17.364
43.300, -208.096, -586.745, 17.364
43.350, -208.173, -587.610, 17.364
43.400, -208.250, -588.475, 17.365
43.450, -208.326, -589.340, 17.365
43.500, -208.401, -590.205, 17.365
43.550, -208.474, -591.070, 17.365
43.600, -208.547, -591.935, 17.365
43.650, -208.618, -592.801, 17.364
43.700, -208.690, -593.666, 17.364
43.750, -208.761, -594.531, 17.364
43.800, -208.832, -595.396, 17.364
43.850, -208.901, -596.262, 17.364
43.900, -208.969, -597.127, 17.364
43.950, -209.036, -597.993, 17.364
44.000, -209.102, -598.859, 17.364
44.050, -209.167, -599.724, 17.364
44.100, -209.231, -600.590, 17.363
44.150, -209.295, -601.456, 17.363
44.200, -209.359, -602.322, 17.363
44.250, -209.420, -603.188, 17.362
44.300, -209.481, -604.054, 17.362
44.350, -209.541, -604.920, 17.362
44.400, -209.599, -605.786, 17.361
44.450, -209.657, -606.652, 17.361
44.500, -209.713, -607.518, 17.360
44.550, -209.769, -608.384, 17.360
44.600, -209.823, -609.251, 17.359
44.650, -209.877, -610.117, 17.359
44.700, -209.931, -610.983, 17.358
44.750, -209.983, -611.849, 17.358
44.800, -210.034, -612.716, 17.358
44.850, -210.084, -613.582, 17.357
44.900, -210.132, -614.449, 17.357
44.950, -210.180, -615.315, 17.356
45.000, -210.227, -616.182, 17.356
45.050, -210.272, -617.048, 17.355
45.100, -210.317, -617.915, 17.355
45.150, -210.360, -618.781, 17.354
45.200, -210.403, -619.648, 17.354
45.250, -210.444, -620.515, 17.353
45.300, -210.483, -621.381, 17.352
45.350, -210.520, -622.248, 17.351
45.400, -210.555, -623.115, 17.350
45.450, -210.588, -623.982, 17.348
45.500, -210.620, -624.848, 17.347
45.550, -210.651, -625.715, 17.346
45.600, -210.680, -626.582, 17.344
45.650, -210.707, -627.448, 17.343
45.700, -210.731, -628.315, 17.341
45.750, -210.753, -629.182, 17.339
45.800, -210.774, -630.048, 17.337
45.850, -210.792, -630.915, 17.335
45.900, -210.808, -631.781, 17.333
45.950, -210.822, -632.648, 17.331
46.000, -210.834, -633.514, 17.328
46.050, -210.844, -634.381, 17.326
46.100, -210.851, -635.247, 17.324
46.150, -210.857, -636.113, 17.322
46.200, -210.860, -636.979, 17.319
46.250, -210.861, -637.845, 17.317
46.300, -210.860, -638.710, 17.315
46.350, -210.856, -639.576, 17.312
46.400, -210.848, -640.441, 17.309
46.450, -210.837, -641.307, 17.306
46.500, -210.824, -642.172, 17.303
46.550, -210.807, -643.036, 17.300
46.600, -210.786, -643.901, 17.296
46.650, -210.760, -644.765, 17.291
46.700, -210.731, -645.629, 17.287
46.750, -210.697, -646.492, 17.282
46.800, -210.657, -647.355, 17.276
46.850, -210.613, -648.218, 17.270
46.900, -210.564, -649.079, 17.264
46.950, -210.508, -649.940, 17.256
47.000, -210.447, -650.801, 17.249
47.050, -210.378, -651.660, 17.240
47.100, -210.303, -652.518, 17.231
47.150, -210.219, -653.375, 17.220
47.200, -210.128, -654.231, 17.209
47.250, -210.029, -655.085, 17.198
47.300, -209.922, -655.938, 17.186
47.350, -209.807, -656.788, 17.173
47.400, -209.685, -657.638, 17.161
47.450, -209.557, -658.485, 17.148
47.500, -209.422, -659.331, 17.137
47.550, -209.281, -660.176, 17.125
47.600, -209.134, -661.019, 17.115
47.650, -208.982, -661.861, 17.105
47.700, -208.825, -662.701, 17.096
47.750, -208.661, -663.539, 17.087
47.800, -208.493, -664.376, 17.079
47.850, -208.320, -665.213, 17.072
47.900, -208.143, -666.047, 17.066
47.950, -207.962, -666.881, 17.060
48.000, -207.775, -667.713, 17.054
48.050, -207.585, -668.544, 17.049
48.100, -207.390, -669.373, 17.044
48.150, -207.191, -670.201, 17.040
48.200, -206.986, -671.028, 17.035
48.250, -206.776, -671.854, 17.031
48.300, -206.562, -672.677, 17.027
48.350, -206.342, -673.499, 17.022
48.400, -206.118, -674.320, 17.018
48.450, -205.889, -675.139, 17.014
48.500, -205.655, -675.957, 17.009
48.550, -205.416, -676.773, 17.005
48.600, -205.173, -677.587, 17.001
48.650, -204.924, -678.400, 16.996
48.700, -204.670, -679.211, 16.992
48.750, -204.412, -680.020, 16.988
48.800, -204.148, -680.827, 16.984
48.850, -203.878, -681.631, 16.979
48.900, -203.602, -682.434, 16.974
48.950, -203.320, -683.234, 16.969
49.000, -203.032, -684.032, 16.964
49.050, -202.738, -684.827, 16.958
49.100, -202.437, -685.619, 16.952
49.150, -202.129, -686.409, 16.945
49.200, -201.815, -687.195, 16.938
49.250, -201.493, -687.978, 16.930
49.300, -201.164, -688.757, 16.922
49.350, -200.828, -689.533, 16.914
49.400, -200.484, -690.305, 16.905
49.450, -200.131, -691.073, 16.895
49.500, -199.772, -691.836, 16.885
49.550, -199.404, -692.595, 16.875
49.600, -199.027, -693.350, 16.864
49.650, -198.643, -694.099, 16.853
49.700, -198.249, -694.843, 16.841
49.750, -197.847, -695.583, 16.828
49.800, -197.437, -696.316, 16.815
49.850, -197.017, -697.043, 16.802
49.900, -196.588, -697.765, 16.788
49.950, -196.149, -698.479, 16.773
50.000, -195.701, -699.187, 16.758
50.050, -195.243, -699.888, 16.742
50.100, -194.776, -700.581, 16.725
50.150, -194.299, -701.266, 16.708
50.200, -193.812, -701.943, 16.690
50.250, -193.315, -702.612, 16.672
50.300, -192.808, -703.273, 16.653
50.350, -192.291, -703.924, 16.634
50.400, -191.765, -704.566, 16.614
50.450, -191.228, -705.198, 16.593
50.500, -190.681, -705.819, 16.572
50.550, -190.124, -706.431, 16.551
50.600, -189.556, -707.031, 16.528
50.650, -188.979, -707.620, 16.505
50.700, -188.392, -708.197, 16.482
50.750, -187.795, -708.763, 16.458
50.800, -187.188, -709.317, 16.435
50.850, -186.573, -709.858, 16.411
50.900, -185.948, -710.387, 16.386
50.950, -185.313, -710.902, 16.362
51.000, -184.670, -711.405, 16.337
51.050, -184.018, -711.893, 16.312
51.100, -183.357, -712.368, 16.288
51.150, -182.689, -712.830, 16.263
51.200, -182.012, -713.277, 16.239
51.250, -181.328, -713.710, 16.214
51.300, -180.636, -714.129, 16.191
51.350, -179.937, -714.533, 16.167
51.400, -179.231, -714.923, 16.144
51.450, -178.518, -715.298, 16.121
51.500, -177.800, -715.659, 16.099
51.550, -177.075, -716.004, 16.077
51.600, -176.344, -716.336, 16.057
51.650, -175.609, -716.653, 16.037
51.700, -174.868, -716.956, 16.017
51.750, -174.123, -717.244, 15.999
51.800, -173.373, -717.517, 15.981
51.850, -172.619, -717.776, 15.964
51.900, -171.861, -718.021, 15.947
51.950, -171.099, -718.250, 15.930
52.000, -170.333, -718.464, 15.913
52.050, -169.564, -718.661, 15.896
52.100, -168.792, -718.843, 15.878
52.150, -168.018, -719.007, 15.860
52.200, -167.240, -719.155, 15.840
52.250, -166.461, -719.285, 15.819
52.300, -165.680, -719.397, 15.799
52.350, -164.898, -719.493, 15.778
52.400, -164.115, -719.571, 15.756
52.450, -163.331, -719.632, 15.735
52.500, -162.548, -719.675, 15.713
52.550, -161.765, -719.701, 15.691
52.600, -160.982, -719.709, 15.670
52.650, -160.201, -719.701, 15.650
52.700, -159.421, -719.676, 15.630
52.750, -158.643, -719.635, 15.611
52.800, -157.866, -719.577, 15.594
52.850, -157.092, -719.505, 15.578
52.900, -156.320, -719.417, 15.564
52.950, -155.550, -719.314, 15.551
53.000, -154.783, -719.197, 15.539
53.050, -154.019, -719.066, 15.530
53.100, -153.257, -718.921, 15.522
53.150, -152.499, -718.763, 15.514
53.200, -151.743, -718.592, 15.509
53.250, -150.991, -718.408, 15.505
53.300, -150.242, -718.213, 15.502
53.350, -149.496, -718.006, 15.501
53.400, -148.753, -717.787, 15.500
53.450, -148.014, -717.557, 15.500
53.500, -147.278, -717.316, 15.502
53.550, -146.545, -717.065, 15.504
53.600, -145.816, -716.803, 15.507
53.650, -145.091, -716.531, 15.510
53.700, -144.369, -716.249, 15.514
53.750, -143.651, -715.957, 15.519
53.800, -142.936, -715.656, 15.524
53.850, -142.225, -715.345, 15.530
53.900, -141.518, -715.025, 15.536
53.950, -140.814, -714.697, 15.542
54.000, -140.115, -714.359, 15.549
54.050, -139.419, -714.012, 15.556
54.100, -138.728, -713.656, 15.563
54.150, -138.041, -713.292, 15.570
54.200, -137.358, -712.918, 15.577
54.250, -136.679, -712.536, 15.585
54.300, -136.005, -712.145, 15.592
54.350, -135.336, -711.745, 15.599
54.400, -134.673, -711.336, 15.605
54.450, -134.014, -710.918, 15.611
54.500, -133.361, -710.490, 15.617
54.550, -132.714, -710.054, 15.622
54.600, -132.072, -709.609, 15.628
54.650, -131.436, -709.156, 15.633
54.700, -130.806, -708.694, 15.638
54.750, -130.182, -708.223, 15.642
54.800, -129.565, -707.744, 15.647
54.850, -128.954, -707.255, 15.651
54.900, -128.351, -706.758, 15.654
54.950, -127.754, -706.251, 15.657
55.000, -127.166, -705.736, 15.659
55.050, -126.585, -705.211, 15.660
55.100, -126.014, -704.677, 15.660
55.150, -125.451, -704.133, 15.660
55.200, -124.898, -703.580, 15.658
55.250, -124.354, -703.018, 15.656
55.300, -123.821, -702.446, 15.651
55.350, -123.299, -701.864, 15.646
55.400, -122.789, -701.273, 15.639
55.450, -122.291, -700.671, 15.630
55.500, -121.805, -700.060, 15.621
55.550, -121.334, -699.439, 15.609
55.600, -120.875, -698.809, 15.596
55.650, -120.431, -698.170, 15.583
55.700, -120.001, -697.522, 15.568
55.750, -119.586, -696.865, 15.553
55.800, -119.185, -696.201, 15.538
55.850, -118.798, -695.529, 15.523
55.900, -118.426, -694.850, 15.508
55.950, -118.069, -694.164, 15.494
56.000, -117.726, -693.471, 15.480
56.050, -117.397, -692.772, 15.468
56.100, -117.083, -692.067, 15.456
56.150, -116.782, -691.357, 15.446
56.200, -116.495, -690.642, 15.437
56.250, -116.222, -689.921, 15.429
56.300, -115.961, -689.197, 15.423
56.350, -115.714, -688.468, 15.418
56.400, -115.479, -687.734, 15.414
56.450, -115.257, -686.998, 15.412
56.500, -115.047, -686.257, 15.410
56.550, -114.848, -685.514, 15.410
56.600, -114.661, -684.767, 15.411
56.650, -114.485, -684.018, 15.414
56.700, -114.319, -683.266, 15.417
56.750, -114.163, -682.511, 15.422
56.800, -114.017, -681.754, 15.428
56.850, -113.881, -680.996, 15.434
56.900, -113.753, -680.235, 15.442
56.950, -113.635, -679.472, 15.451
57.000, -113.526, -678.707, 15.460
57.050, -113.424, -677.941, 15.470
57.100, -113.331, -677.173, 15.481
57.150, -113.245, -676.404, 15.493
57.200, -113.168, -675.633, 15.504
57.250, -113.098, -674.861, 15.517
57.300, -113.035, -674.088, 15.531
57.350, -112.980, -673.313, 15.544
57.400, -112.931, -672.537, 15.558
57.450, -112.890, -671.760, 15.572
57.500, -112.855, -670.982, 15.587
57.550, -112.826, -670.203, 15.602
57.600, -112.803, -669.423, 15.617
57.650, -112.787, -668.642, 15.633
57.700, -112.776, -667.860, 15.649
57.750, -112.770, -667.077, 15.666
57.800, -112.770, -666.293, 15.683
57.850, -112.776, -665.509, 15.699
57.900, -112.787, -664.723, 15.717
57.950, -112.802, -663.937, 15.734
58.000, -112.823, -663.150, 15.752
58.050, -112.847, -662.363, 15.770
58.100, -112.877, -661.574, 15.788
58.150, -112.911, -660.785, 15.806
58.200, -112.950, -659.995, 15.824
58.250, -112.994, -659.205, 15.842
58.300, -113.042, -658.414, 15.860
58.350, -113.094, -657.622, 15.879
58.400, -113.150, -656.829, 15.897
58.450, -113.209, -656.036, 15.915
58.500, -113.272, -655.242, 15.934
58.550, -113.340, -654.448, 15.952
58.600, -113.411, -653.653, 15.971
58.650, -113.485, -652.858, 15.989
58.700, -113.564, -652.062, 16.007
58.750, -113.646, -651.265, 16.025
58.800, -113.730, -650.467, 16.043
58.850, -113.817, -649.669, 16.062
58.900, -113.907, -648.871, 16.080
58.950, -114.001, -648.072, 16.098
59.000, -114.097, -647.272, 16.117
59.050, -114.196, -646.472, 16.135
59.100, -114.299, -645.671, 16.153
59.150, -114.404, -644.870, 16.170
59.200, -114.512, -644.068, 16.188
59.250, -114.623, -643.266, 16.205
59.300, -114.736, -642.463, 16.223
59.350, -114.851, -641.660, 16.240
59.400, -114.968, -640.855, 16.257
59.450, -115.088, -640.051, 16.275
59.500, -115.209, -639.246, 16.292
59.550, -115.332, -638.440, 16.309
59.600, -115.458, -637.634, 16.326
59.650, -115.586, -636.827, 16.343
59.700, -115.716, -636.020, 16.360
59.750, -115.848, -635.212, 16.376
59.800, -115.982, -634.403, 16.392
59.850, -116.118, -633.595, 16.408
59.900, -116.256, -632.785, 16.424
59.950, -116.396, -631.976, 16.440
60.000, -116.538, -631.166, 16.455
60.050, -116.683, -630.355, 16.470
60.100, -116.829, -629.544, 16.485
60.150, -116.976, -628.733, 16.500
60.200, -117.124, -627.921, 16.515
60.250, -117.274, -627.108, 16.529
60.300, -117.425, -626.295, 16.544
60.350, -117.577, -625.482, 16.559
60.400, -117.730, -624.668, 16.573
60.450, -117.884, -623.853, 16.588
60.500, -118.040, -623.038, 16.602
60.550, -118.197, -622.222, 16.616
60.600, -118.355, -621.406, 16.630
60.650, -118.514, -620.589, 16.644
60.700, -118.674, -619.772, 16.658
60.750, -118.835, -618.955, 16.671
60.800, -118.998, -618.137, 16.684
60.850, -119.161, -617.318, 16.697
60.900, -119.325, -616.499, 16.710
60.950, -119.488, -615.679, 16.723
61.000, -119.652, -614.859, 16.736
61.050, -119.816, -614.038, 16.749
61.100, -119.980, -613.217, 16.762
61.150, -120.146, -612.395, 16.775
61.200, -120.313, -611.572, 16.787
61.250, -120.480, -610.749, 16.799
61.300, -120.647, -609.926, 16.811
61.350, -120.814, -609.101, 16.823
61.400, -120.981, -608.277, 16.835
61.450, -121.149, -607.451, 16.847
61.500, -121.316, -606.625, 16.859
61.550, -121.484, -605.799, 16.870
61.600, -121.652, -604.972, 16.882
61.650, -121.820, -604.144, 16.893
61.700, -121.988, -603.316, 16.904
61.750, -122.156, -602.487, 16.915
61.800, -122.325, -601.658, 16.926
61.850, -122.493, -600.829, 16.937
61.900, -122.660, -599.998, 16.947
61.950, -122.827, -599.167, 16.957
62.000, -122.992, -598.335, 16.966
62.050, -123.157, -597.503, 16.976
62.100, -123.321, -596.670, 16.984
62.150, -123.485, -595.836, 16.993
62.200, -123.648, -595.002, 17.001
62.250, -123.811, -594.167, 17.009
62.300, -123.973, -593.332, 17.017
62.350, -124.133, -592.496, 17.025
62.400, -124.293, -591.660, 17.032
62.450, -124.452, -590.823, 17.039
62.500, -124.610, -589.986, 17.046
62.550, -124.767, -589.148, 17.052
62.600, -124.923, -588.309, 17.059
62.650, -125.078, -587.470, 17.065
62.700, -125.231, -586.631, 17.071
62.750, -125.381, -585.791, 17.076
62.800, -125.530, -584.950, 17.081
62.850, -125.677, -584.108, 17.085
62.900, -125.823, -583.266, 17.090
62.950, -125.966, -582.424, 17.094
63.000, -126.107, -581.581, 17.097
63.050, -126.247, -580.737, 17.101
63.100, -126.384, -579.893, 17.104
63.150, -126.519, -579.049, 17.107
63.200, -126.650, -578.203, 17.109
63.250, -126.778, -577.358, 17.111
63.300, -126.903, -576.511, 17.112
63.350, -127.026, -575.664, 17.113
63.400, -127.145, -574.817, 17.114
63.450, -127.261, -573.969, 17.115
63.500, -127.374, -573.121, 17.115
63.550, -127.482, -572.272, 17.115
63.600, -127.586, -571.423, 17.114
63.650, -127.686, -570.573, 17.113
63.700, -127.782, -569.723, 17.112
63.750, -127.874, -568.872, 17.110
63.800, -127.961, -568.021, 17.108
63.850, -128.043, -567.170, 17.105
63.900, -128.119, -566.318, 17.102
63.950, -128.191, -565.466, 17.099
64.000, -128.257, -564.614, 17.095
64.050, -128.316, -563.762, 17.090
64.100, -128.369, -562.909, 17.085
64.150, -128.416, -562.056, 17.079
64.200, -128.455, -561.204, 17.072
64.250, -128.487, -560.351, 17.065
64.300, -128.513, -559.498, 17.058
64.350, -128.531, -558.646, 17.050
64.400, -128.543, -557.794, 17.042
64.450, -128.548, -556.942, 17.034
64.500, -128.547, -556.091, 17.027
64.550, -128.540, -555.240, 17.019
64.600, -128.528, -554.390, 17.012
64.650, -128.510, -553.540, 17.006
64.700, -128.487, -552.690, 17.000
64.750, -128.460, -551.841, 16.995
64.800, -128.429, -550.992, 16.990
64.850, -128.392, -550.143, 16.986
64.900, -128.351, -549.295, 16.982
64.950, -128.307, -548.447, 16.979
65.000, -128.259, -547.600, 16.977
65.050, -128.208, -546.753, 16.975
65.100, -128.153, -545.906, 16.974
65.150, -128.094, -545.059, 16.973
65.200, -128.032, -544.213, 16.972
65.250, -127.967, -543.367, 16.972
65.300, -127.900, -542.521, 16.972
65.350, -127.830, -541.675, 16.973
65.400, -127.759, -540.829, 16.974
65.450, -127.683, -539.984, 16.975
65.500, -127.605, -539.139, 16.976
65.550, -127.524, -538.294, 16.978
65.600, -127.441, -537.449, 16.980
65.650, -127.357, -536.604, 16.982
65.700, -127.269, -535.759, 16.984
65.750, -127.179, -534.915, 16.986
65.800, -127.085, -534.071, 16.988
65.850, -126.990, -533.227, 16.991
65.900, -126.892, -532.383, 16.993
65.950, -126.793, -531.539, 16.996
66.000, -126.691, -530.695, 16.998
66.050, -126.586, -529.852, 17.001
66.100, -126.478, -529.008, 17.003
66.150, -126.367, -528.165, 17.006
66.200, -126.255, -527.322, 17.008
66.250, -126.141, -526.479, 17.011
66.300, -126.024, -525.637, 17.014
66.350, -125.903, -524.795, 17.016
66.400, -125.780, -523.953, 17.018
66.450, -125.656, -523.111, 17.021
66.500, -125.528, -522.270, 17.023
66.550, -125.397, -521.429, 17.025
66.600, -125.262, -520.588, 17.027
66.650, -125.127, -519.747, 17.029
66.700, -124.989, -518.907, 17.031
66.750, -124.847, -518.067, 17.033
66.800, -124.703, -517.228, 17.035
66.850, -124.555, -516.389, 17.037
66.900, -124.405, -515.551, 17.038
66.950, -124.251, -514.713, 17.039
67.000, -124.094, -513.875, 17.041
67.050, -123.934, -513.038, 17.042
67.100, -123.772, -512.202, 17.043
67.150, -123.606, -511.366, 17.044
67.200, -123.437, -510.531, 17.045
67.250, -123.265, -509.696, 17.045
67.300, -123.090, -508.862, 17.046
67.350, -122.912, -508.028, 17.047
67.400, -122.730, -507.196, 17.047
67.450, -122.546, -506.363, 17.048
67.500, -122.359, -505.532, 17.049
67.550, -122.168, -504.701, 17.049
67.600, -121.973, -503.871, 17.049
67.650, -121.774, -503.042, 17.049
67.700, -121.572, -502.214, 17.049
67.750, -121.365, -501.387, 17.048
67.800, -121.154, -500.561, 17.047
67.850, -120.940, -499.736, 17.046
67.900, -120.721, -498.913, 17.045
67.950, -120.498, -498.090, 17.043
68.000, -120.270, -497.270, 17.041
68.050, -120.036, -496.450, 17.039
68.100, -119.799, -495.632, 17.036
68.150, -119.556, -494.816, 17.033
68.200, -119.308, -494.001, 17.030
68.250, -119.056, -493.188, 17.027
68.300, -118.798, -492.377, 17.023
68.350, -118.534, -491.568, 17.019
68.400, -118.264, -490.761, 17.014
68.450, -117.989, -489.957, 17.010
68.500, -117.707, -489.155, 17.004
68.550, -117.418, -488.355, 16.998
68.600, -117.123, -487.559, 16.992
68.650, -116.821, -486.765, 16.984
68.700, -116.511, -485.975, 16.977
68.750, -116.194, -485.188, 16.968
68.800, -115.869, -484.404, 16.959
68.850, -115.536, -483.625, 16.949
68.900, -115.195, -482.850, 16.939
68.950, -114.846, -482.079, 16.928
69.000, -114.487, -481.313, 16.916
69.050, -114.119, -480.552, 16.903
69.100, -113.741, -479.797, 16.888
69.150, -113.353, -479.048, 16.873
69.200, -112.955, -478.305, 16.856
69.250, -112.545, -477.570, 16.838
69.300, -112.124, -476.843, 16.817
69.350, -111.690, -476.124, 16.795
69.400, -111.243, -475.415, 16.769
69.450, -110.782, -474.716, 16.741
69.500, -110.307, -474.029, 16.711
69.550, -109.818, -473.354, 16.677
69.600, -109.315, -472.691, 16.642
69.650, -108.799, -472.041, 16.605
69.700, -108.269, -471.405, 16.566
69.750, -107.727, -470.782, 16.527
69.800, -107.172, -470.174, 16.487
69.850, -106.604, -469.579, 16.447
69.900, -106.025, -468.999, 16.408
69.950, -105.435, -468.433, 16.370
70.000, -104.834, -467.881, 16.334
70.050, -104.222, -467.344, 16.299
70.100, -103.601, -466.821, 16.266
70.150, -102.970, -466.311, 16.236
70.200, -102.330, -465.815, 16.207
70.250, -101.681, -465.333, 16.181
70.300, -101.024, -464.864, 16.157
70.350, -100.360, -464.408, 16.135
70.400, -99.688, -463.965, 16.116
70.450, -99.009, -463.535, 16.097
70.500, -98.323, -463.117, 16.080
70.550, -97.630, -462.711, 16.065
70.600, -96.932, -462.317, 16.052
70.650, -96.227, -461.935, 16.039
70.700, -95.517, -461.565, 16.028
70.750, -94.802, -461.207, 16.017
70.800, -94.081, -460.859, 16.008
70.850, -93.356, -460.522, 16.000
70.900, -92.627, -460.196, 15.992
70.950, -91.893, -459.881, 15.986
71.000, -91.154, -459.577, 15.980
71.050, -90.412, -459.283, 15.974
71.100, -89.666, -459.000, 15.969
71.150, -88.916, -458.728, 15.964
71.200, -88.162, -458.467, 15.960
71.250, -87.406, -458.216, 15.955
71.300, -86.645, -457.976, 15.952
71.350, -85.882, -457.748, 15.947
71.400, -85.115, -457.531, 15.943
71.450, -84.346, -457.325, 15.939
71.500, -83.574, -457.130, 15.935
71.550, -82.799, -456.945, 15.932
71.600, -82.022, -456.771, 15.929
71.650, -81.243, -456.608, 15.926
71.700, -80.462, -456.455, 15.923
71.750, -79.679, -456.314, 15.920
71.800, -78.895, -456.184, 15.918
71.850, -78.108, -456.064, 15.915
71.900, -77.320, -455.957, 15.912
71.950, -76.531, -455.861, 15.909
72.000, -75.741, -455.777, 15.906
72.050, -74.949, -455.705, 15.902
72.100, -74.157, -455.645, 15.899
72.150, -73.364, -455.596, 15.895
72.200, -72.571, -455.559, 15.892
72.250, -71.777, -455.533, 15.888
72.300, -70.984, -455.520, 15.884
72.350, -70.190, -455.518, 15.881
72.400, -69.397, -455.529, 15.877
72.450, -68.604, -455.551, 15.873
72.500, -67.811, -455.584, 15.870
72.550, -67.020, -455.630, 15.866
72.600, -66.229, -455.689, 15.861
72.650, -65.440, -455.760, 15.857
72.700, -64.652, -455.843, 15.852
72.750, -63.866, -455.939, 15.848
72.800, -63.082, -456.049, 15.842
72.850, -62.300, -456.171, 15.835
72.900, -61.521, -456.307, 15.829
72.950, -60.745, -456.455, 15.822
73.000, -59.971, -456.618, 15.814
73.050, -59.201, -456.794, 15.806
73.100, -58.435, -456.984, 15.797
73.150, -57.673, -457.187, 15.789
73.200, -56.915, -457.404, 15.779
73.250, -56.161, -457.635, 15.769
73.300, -55.413, -457.880, 15.759
73.350, -54.670, -458.139, 15.748
73.400, -53.933, -458.412, 15.735
73.450, -53.202, -458.700, 15.723
73.500, -52.478, -459.002, 15.710
73.550, -51.760, -459.319, 15.696
73.600, -51.051, -459.651, 15.681
73.650, -50.349, -459.998, 15.665
73.700, -49.656, -460.359, 15.649
73.750, -48.972, -460.736, 15.631
73.800, -48.298, -461.128, 15.612
73.850, -47.634, -461.535, 15.592
73.900, -46.981, -461.957, 15.571
73.950, -46.339, -462.395, 15.548
74.000, -45.709, -462.847, 15.525
74.050, -45.092, -463.314, 15.501
74.100, -44.487, -463.796, 15.475
74.150, -43.901, -464.297, 15.436
74.200, -43.329, -464.811, 15.409
74.250, -42.770, -465.338, 15.381
74.300, -42.225, -465.877, 15.353
74.350, -41.695, -466.428, 15.327
74.400, -41.179, -466.992, 15.301
74.450, -40.678, -467.567, 15.276
74.500, -40.193, -468.153, 15.253
74.550, -39.723, -468.751, 15.230
74.600, -39.269, -469.359, 15.209
74.650, -38.830, -469.978, 15.189
74.700, -38.408, -470.607, 15.169
74.750, -38.002, -471.245, 15.151
74.800, -37.611, -471.891, 15.135
74.850, -37.237, -472.547, 15.119
74.900, -36.878, -473.210, 15.105
74.950, -36.534, -473.880, 15.093
75.000, -36.205, -474.557, 15.082
75.050, -35.891, -475.241, 15.072
75.100, -35.592, -475.931, 15.065
75.150, -35.307, -476.627, 15.058
75.200, -35.036, -477.328, 15.053
75.250, -34.778, -478.034, 15.051
75.300, -34.534, -478.744, 15.049
75.350, -34.301, -479.459, 15.050
75.400, -34.082, -480.178, 15.052
75.450, -33.874, -480.901, 15.055
75.500, -33.678, -481.627, 15.060
75.550, -33.493, -482.356, 15.066
75.600, -33.319, -483.089, 15.073
75.650, -33.156, -483.824, 15.081
75.700, -33.003, -484.562, 15.091
75.750, -32.861, -485.303, 15.101
75.800, -32.727, -486.046, 15.113
75.850, -32.603, -486.792, 15.125
75.900, -32.488, -487.539, 15.138
75.950, -32.382, -488.289, 15.152
76.000, -32.284, -489.040, 15.167
76.050, -32.195, -489.793, 15.182
76.100, -32.114, -490.548, 15.198
76.150, -32.040, -491.305, 15.214
76.200, -31.973, -492.063, 15.231
76.250, -31.914, -492.823, 15.249
76.300, -31.861, -493.584, 15.267
76.350, -31.816, -494.346, 15.286
76.400, -31.776, -495.110, 15.305
76.450, -31.743, -495.875, 15.325
76.500, -31.715, -496.641, 15.345
76.550, -31.694, -497.409, 15.365
76.600, -31.679, -498.177, 15.386
76.650, -31.670, -498.947, 15.407
76.700, -31.665, -499.718, 15.428
76.750, -31.666, -500.490, 15.450
76.800, -31.672, -501.263, 15.471
76.850, -31.683, -502.037, 15.493
76.900, -31.699, -502.812, 15.515
76.950, -31.720, -503.589, 15.537
77.000, -31.744, -504.366, 15.559
77.050, -31.774, -505.144, 15.582
77.100, -31.807, -505.923, 15.604
77.150, -31.843, -506.703, 15.627
77.200, -31.883, -507.484, 15.650
77.250, -31.928, -508.266, 15.673
77.300, -31.976, -509.049, 15.696
77.350, -32.027, -509.833, 15.719
77.400, -32.083, -510.617, 15.742
77.450, -32.141, -511.403, 15.765
77.500, -32.202, -512.190, 15.788
77.550, -32.266, -512.977, 15.811
77.600, -32.332, -513.766, 15.834
77.650, -32.402, -514.555, 15.857
77.700, -32.478, -515.345, 15.878
77.750, -32.557, -516.136, 15.900
77.800, -32.636, -516.927, 15.922
77.850, -32.718, -517.720, 15.944
77.900, -32.801, -518.514, 15.966
77.950, -32.887, -519.308, 15.989
78.000, -32.974, -520.104, 16.011
78.050, -33.061, -520.900, 16.034
78.100, -33.152, -521.697, 16.056
78.150, -33.243, -522.496, 16.078
78.200, -33.336, -523.295, 16.101
78.250, -33.431, -524.095, 16.123
78.300, -33.527, -524.896, 16.145
78.350, -33.624, -525.698, 16.167
78.400, -33.722, -526.502, 16.188
78.450, -33.821, -527.306, 16.210
78.500, -33.921, -528.110, 16.231
78.550, -34.023, -528.916, 16.252
78.600, -34.126, -529.723, 16.273
78.650, -34.230, -530.531, 16.294
78.700, -34.334, -531.339, 16.314
78.750, -34.440, -532.149, 16.334
78.800, -34.548, -532.959, 16.354
78.850, -34.655, -533.771, 16.374
78.900, -34.762, -534.583, 16.393
78.950, -34.869, -535.396, 16.413
79.000, -34.976, -536.210, 16.432
79.050, -35.084, -537.025, 16.452
79.100, -35.192, -537.842, 16.471
79.150, -35.301, -538.659, 16.490
79.200, -35.409, -539.477, 16.508
79.250, -35.517, -540.296, 16.527
79.300, -35.623, -541.116, 16.544
79.350, -35.729, -541.937, 16.562
79.400, -35.834, -542.758, 16.579
79.450, -35.939, -543.581, 16.595
79.500, -36.043, -544.405, 16.611
79.550, -36.146, -545.230, 16.627
79.600, -36.248, -546.055, 16.642
79.650, -36.349, -546.882, 16.657
79.700, -36.448, -547.709, 16.671
79.750, -36.546, -548.537, 16.685
79.800, -36.641, -549.367, 16.698
79.850, -36.735, -550.197, 16.711
79.900, -36.827, -551.027, 16.723
79.950, -36.917, -551.859, 16.735
80.000, -37.006, -552.691, 16.746
80.050, -37.092, -553.525, 16.757
80.100, -37.176, -554.359, 16.767
80.150, -37.256, -555.193, 16.777
80.200, -37.334, -556.029, 16.786
80.250, -37.409, -556.865, 16.794
80.300, -37.481, -557.702, 16.802
80.350, -37.550, -558.539, 16.810
80.400, -37.615, -559.378, 16.817
80.450, -37.676, -560.216, 16.823
80.500, -37.733, -561.056, 16.829
80.550, -37.787, -561.896, 16.834
80.600, -37.837, -562.736, 16.839
80.650, -37.882, -563.577, 16.844
80.700, -37.923, -564.418, 16.847
80.750, -37.959, -565.259, 16.850
80.800, -37.989, -566.101, 16.853
80.850, -38.015, -566.944, 16.855
80.900, -38.035, -567.786, 16.856
80.950, -38.049, -568.629, 16.857
81.000, -38.057, -569.471, 16.857
81.050, -38.059, -570.314, 16.856
81.100, -38.053, -571.156, 16.854
81.150, -38.040, -571.999, 16.852
81.200, -38.021, -572.841, 16.850
81.250, -37.994, -573.683, 16.846
81.300, -37.959, -574.524, 16.841
81.350, -37.916, -575.364, 16.836
81.400, -37.863, -576.204, 16.830
81.450, -37.802, -577.043, 16.823
81.500, -37.732, -577.881, 16.815
81.550, -37.654, -578.717, 16.808
81.600, -37.567, -579.552, 16.799
81.650, -37.471, -580.386, 16.791
81.700, -37.366, -581.219, 16.782
81.750, -37.254, -582.049, 16.774
81.800, -37.133, -582.879, 16.766
81.850, -37.005, -583.707, 16.757
81.900, -36.868, -584.533, 16.750
81.950, -36.723, -585.357, 16.742
82.000, -36.569, -586.179, 16.734
82.050, -36.407, -586.999, 16.726
82.100, -36.237, -587.818, 16.719
82.150, -36.060, -588.634, 16.712
82.200, -35.874, -589.448, 16.705
82.250, -35.680, -590.260, 16.698
82.300, -35.479, -591.069, 16.691
82.350, -35.269, -591.877, 16.685
82.400, -35.052, -592.682, 16.679
82.450, -34.827, -593.484, 16.672
82.500, -34.595, -594.284, 16.666
82.550, -34.355, -595.082, 16.660
82.600, -34.108, -595.877, 16.655
82.650, -33.854, -596.670, 16.650
82.700, -33.594, -597.460, 16.646
82.750, -33.327, -598.248, 16.641
82.800, -33.052, -599.033, 16.637
82.850, -32.772, -599.816, 16.634
82.900, -32.484, -600.596, 16.630
82.950, -32.190, -601.373, 16.627
83.000, -31.889, -602.148, 16.624
83.050, -31.582, -602.920, 16.621
83.100, -31.268, -603.689, 16.619
83.150, -30.948, -604.455, 16.616
83.200, -30.622, -605.219, 16.614
83.250, -30.290, -605.980, 16.612
83.300, -29.952, -606.738, 16.610
83.350, -29.609, -607.494, 16.609
83.400, -29.260, -608.248, 16.608
83.450, -28.906, -608.999, 16.608
83.500, -28.545, -609.746, 16.607
83.550, -28.178, -610.491, 16.606
83.600, -27.807, -611.233, 16.606
83.650, -27.430, -611.973, 16.606
83.700, -27.047, -612.710, 16.606
83.750, -26.659, -613.444, 16.606
83.800, -26.266, -614.175, 16.607
83.850, -25.868, -614.903, 16.607
83.900, -25.464, -615.628, 16.608
83.950, -25.055, -616.351, 16.608
84.000, -24.640, -617.070, 16.609
84.050, -24.221, -617.787, 16.609
84.100, -23.796, -618.500, 16.610
84.150, -23.366, -619.211, 16.611
84.200, -22.931, -619.918, 16.612
84.250, -22.491, -620.622, 16.612
84.300, -22.046, -621.323, 16.613
84.350, -21.596, -622.022, 16.615
84.400, -21.143, -622.717, 16.616
84.450, -20.685, -623.410, 16.618
84.500, -20.222, -624.101, 16.620
84.550, -19.756, -624.788, 16.622
84.600, -19.285, -625.473, 16.624
84.650, -18.808, -626.154, 16.626
84.700, -18.328, -626.832, 16.629
84.750, -17.843, -627.508, 16.631
84.800, -17.355, -628.181, 16.634
84.850, -16.862, -628.851, 16.636
84.900, -16.365, -629.518, 16.639
84.950, -15.864, -630.182, 16.642
85.000, -15.358, -630.843, 16.644
85.050, -14.849, -631.501, 16.647
85.100, -14.336, -632.156, 16.650
85.150, -13.818, -632.808, 16.652
85.200, -13.297, -633.457, 16.655
85.250, -12.771, -634.103, 16.658
85.300, -12.242, -634.746, 16.661
85.350, -11.708, -635.386, 16.663
85.400, -11.171, -636.023, 16.666
85.450, -10.630, -636.656, 16.669
85.500, -10.085, -637.287, 16.671
85.550, -9.536, -637.914, 16.674
85.600, -8.983, -638.538, 16.676
85.650, -8.426, -639.158, 16.679
85.700, -7.866, -639.776, 16.681
85.750, -7.302, -640.391, 16.684
85.800, -6.736, -641.003, 16.687
85.850, -6.166, -641.612, 16.690
85.900, -5.593, -642.219, 16.694
85.950, -5.017, -642.823, 16.697
86.000, -4.437, -643.424, 16.700
86.050, -3.853, -644.020, 16.704
86.100, -3.266, -644.615, 16.707
86.150, -2.676, -645.206, 16.710
86.200, -2.084, -645.795, 16.714
86.250, -1.487, -646.381, 16.717
86.300, -0.887, -646.962, 16.720
86.350, -0.284, -647.541, 16.723
86.400, 0.322, -648.118, 16.726
86.450, 0.931, -648.691, 16.730
86.500, 1.542, -649.262, 16.733
86.550, 2.157, -649.830, 16.736
86.600, 2.775, -650.394, 16.739
86.650, 3.396, -650.955, 16.743
86.700, 4.020, -651.513, 16.746
86.750, 4.647, -652.068, 16.749
86.800, 5.277, -652.620, 16.752
86.850, 5.910, -653.168, 16.755
86.900, 6.546, -653.714, 16.758
86.950, 7.184, -654.256, 16.761
87.000, 7.825, -654.796, 16.764
87.050, 8.470, -655.332, 16.767
87.100, 9.117, -655.864, 16.770
87.150, 9.767, -656.394, 16.772
87.200, 10.420, -656.921, 16.775
87.250, 11.075, -657.444, 16.778
87.300, 11.733, -657.965, 16.781
87.350, 12.394, -658.482, 16.784
87.400, 13.057, -658.996, 16.787
87.450, 13.724, -659.506, 16.789
87.500, 14.393, -660.013, 16.792
87.550, 15.065, -660.517, 16.794
87.600, 15.739, -661.017, 16.797
87.650, 16.415, -661.515, 16.799
87.700, 17.095, -662.009, 16.802
87.750, 17.776, -662.500, 16.804
87.800, 18.461, -662.987, 16.807
87.850, 19.147, -663.472, 16.809
87.900, 19.836, -663.953, 16.812
87.950, 20.529, -664.429, 16.813
88.000, 21.223, -664.903, 16.816
88.050, 21.920, -665.373, 16.818
88.100, 22.619, -665.840, 16.820
88.150, 23.321, -666.304, 16.822
88.200, 24.025, -666.764, 16.824
88.250, 24.731, -667.221, 16.826
88.300, 25.440, -667.675, 16.828
88.350, 26.151, -668.125, 16.830
88.400, 26.864, -668.571, 16.832
88.450, 27.579, -669.015, 16.834
88.500, 28.297, -669.454, 16.836
88.550, 29.018, -669.889, 16.838
88.600, 29.740, -670.321, 16.840
88.650, 30.465, -670.750, 16.841
88.700, 31.192, -671.175, 16.843
88.750, 31.921, -671.596, 16.845
88.800, 32.652, -672.014, 16.846
88.850, 33.385, -672.429, 16.848
88.900, 34.121, -672.840, 16.849
88.950, 34.859, -673.246, 16.851
89.000, 35.599, -673.649, 16.852
89.050, 36.341, -674.048, 16.853
89.100, 37.084, -674.444, 16.855
89.150, 37.830, -674.836, 16.856
89.200, 38.578, -675.224, 16.857
89.250, 39.329, -675.608, 16.858
89.300, 40.081, -675.987, 16.859
89.350, 40.836, -676.363, 16.860
89.400, 41.592, -676.735, 16.861
89.450, 42.350, -677.104, 16.862
89.500, 43.110, -677.469, 16.863
89.550, 43.872, -677.830, 16.864
89.600, 44.636, -678.186, 16.865
89.650, 45.402, -678.539, 16.866
89.700, 46.170, -678.888, 16.866
89.750, 46.939, -679.232, 16.867
89.800, 47.711, -679.571, 16.867
89.850, 48.485, -679.907, 16.868
89.900, 49.260, -680.240, 16.868
89.950, 50.037, -680.568, 16.869
90.000, 50.815, -680.892, 16.869
90.050, 51.596, -681.211, 16.869
90.100, 52.379, -681.525, 16.869
90.150, 53.163, -681.835, 16.870
90.200, 53.949, -682.142, 16.870
90.250, 54.736, -682.444, 16.870
90.300, 55.526, -682.741, 16.870
90.350, 56.316, -683.034, 16.870
90.400, 57.109, -683.322, 16.870
90.450, 57.903, -683.605, 16.869
90.500, 58.699, -683.884, 16.869
90.550, 59.496, -684.159, 16.869
90.600, 60.295, -684.430, 16.869
90.650, 61.095, -684.696, 16.868
90.700, 61.897, -684.957, 16.868
90.750, 62.701, -685.213, 16.868
90.800, 63.505, -685.464, 16.867
90.850, 64.312, -685.711, 16.866
90.900, 65.120, -685.952, 16.866
90.950, 65.929, -686.189, 16.865
91.000, 66.739, -686.421, 16.864
91.050, 67.551, -686.648, 16.863
91.100, 68.365, -686.870, 16.862
91.150, 69.179, -687.087, 16.861
91.200, 69.995, -687.298, 16.860
91.250, 70.812, -687.505, 16.859
91.300, 71.630, -687.707, 16.858
91.350, 72.450, -687.904, 16.857
91.400, 73.270, -688.096, 16.856
91.450, 74.092, -688.283, 16.855
91.500, 74.915, -688.465, 16.854
91.550, 75.738, -688.641, 16.852
91.600, 76.564, -688.811, 16.850
91.650, 77.390, -688.974, 16.849
91.700, 78.217, -689.132, 16.846
91.750, 79.045, -689.284, 16.844
91.800, 79.875, -689.430, 16.842
91.850, 80.705, -689.571, 16.839
91.900, 81.535, -689.705, 16.836
91.950, 82.367, -689.833, 16.834
92.000, 83.200, -689.955, 16.831
92.050, 84.033, -690.071, 16.828
92.100, 84.867, -690.182, 16.825
92.150, 85.701, -690.287, 16.823
92.200, 86.536, -690.386, 16.820
92.250, 87.372, -690.478, 16.817
92.300, 88.208, -690.565, 16.815
92.350, 89.045, -690.645, 16.812
92.400, 89.882, -690.719, 16.809
92.450, 90.719, -690.787, 16.807
92.500, 91.557, -690.849, 16.804
92.550, 92.395, -690.904, 16.801
92.600, 93.233, -690.952, 16.797
92.650, 94.072, -690.992, 16.794
92.700, 94.911, -691.026, 16.790
92.750, 95.749, -691.053, 16.786
92.800, 96.588, -691.073, 16.782
92.850, 97.427, -691.086, 16.778
92.900, 98.265, -691.092, 16.773
92.950, 99.104, -691.092, 16.770
93.000, 99.942, -691.085, 16.766
93.050, 100.780, -691.073, 16.763
93.100, 101.617, -691.053, 16.759
93.150, 102.454, -691.026, 16.755
93.200, 103.291, -690.993, 16.752
93.250, 104.127, -690.954, 16.749
93.300, 104.963, -690.909, 16.746
93.350, 105.799, -690.857, 16.743
93.400, 106.634, -690.800, 16.741
93.450, 107.468, -690.736, 16.739
93.500, 108.302, -690.666, 16.736
93.550, 109.135, -690.590, 16.734
93.600, 109.967, -690.508, 16.732
93.650, 110.799, -690.419, 16.730
93.700, 111.630, -690.325, 16.729
93.750, 112.460, -690.224, 16.727
93.800, 113.289, -690.117, 16.725
93.850, 114.118, -690.005, 16.724
93.900, 114.945, -689.886, 16.722
93.950, 115.772, -689.762, 16.721
94.000, 116.597, -689.631, 16.719
94.050, 117.422, -689.494, 16.718
94.100, 118.245, -689.352, 16.717
94.150, 119.067, -689.203, 16.715
94.200, 119.889, -689.048, 16.714
94.250, 120.709, -688.888, 16.713
94.300, 121.527, -688.721, 16.712
94.350, 122.345, -688.549, 16.711
94.400, 123.161, -688.371, 16.710
94.450, 123.975, -688.186, 16.709
94.500, 124.789, -687.997, 16.708
94.550, 125.601, -687.804, 16.708
94.600, 126.413, -687.605, 16.708
94.650, 127.222, -687.400, 16.708
94.700, 128.031, -687.191, 16.708
94.750, 128.838, -686.977, 16.709
94.800, 129.644, -686.758, 16.710
94.850, 130.449, -686.533, 16.710
94.900, 131.252, -686.304, 16.711
94.950, 132.054, -686.070, 16.712
95.000, 132.855, -685.829, 16.713
95.050, 133.653, -685.584, 16.714
95.100, 134.451, -685.335, 16.715
95.150, 135.247, -685.080, 16.716
95.200, 136.041, -684.821, 16.717
95.250, 136.834, -684.557, 16.718
95.300, 137.625, -684.288, 16.720
95.350, 138.415, -684.014, 16.721
95.400, 139.203, -683.735, 16.722
95.450, 139.990, -683.452, 16.723
95.500, 140.775, -683.163, 16.725
95.550, 141.558, -682.870, 16.726
95.600, 142.339, -682.572, 16.727
95.650, 143.119, -682.270, 16.729
95.700, 143.898, -681.965, 16.731
95.750, 144.675, -681.656, 16.733
95.800, 145.451, -681.342, 16.736
95.850, 146.225, -681.025, 16.738
95.900, 146.997, -680.703, 16.740
95.950, 147.768, -680.376, 16.743
96.000, 148.537, -680.046, 16.746
96.050, 149.305, -679.713, 16.748
96.100, 150.072, -679.375, 16.751
96.150, 150.836, -679.034, 16.754
96.200, 151.600, -678.688, 16.757
96.250, 152.361, -678.339, 16.760
96.300, 153.122, -677.987, 16.763
96.350, 153.880, -677.630, 16.766
96.400, 154.637, -677.270, 16.769
96.450, 155.392, -676.906, 16.772
96.500, 156.146, -676.538, 16.775
96.550, 156.898, -676.166, 16.778
96.600, 157.648, -675.791, 16.781
96.650, 158.397, -675.412, 16.784
96.700, 159.144, -675.030, 16.787
96.750, 159.890, -674.646, 16.791
96.800, 160.635, -674.258, 16.794
96.850, 161.379, -673.868, 16.798
96.900, 162.121, -673.474, 16.802
96.950, 162.862, -673.078, 16.806
97.000, 163.601, -672.679, 16.811
97.050, 164.339, -672.277, 16.815
97.100, 165.076, -671.872, 16.819
97.150, 165.812, -671.464, 16.823
97.200, 166.546, -671.053, 16.828
97.250, 167.279, -670.640, 16.832
97.300, 168.010, -670.223, 16.836
97.350, 168.741, -669.804, 16.841
97.400, 169.469, -669.382, 16.845
97.450, 170.197, -668.958, 16.849
97.500, 170.923, -668.530, 16.853
97.550, 171.648, -668.100, 16.857
97.600, 172.371, -667.667, 16.862
97.650, 173.094, -667.233, 16.866
97.700, 173.815, -666.796, 16.870
97.750, 174.536, -666.358, 16.875
97.800, 175.256, -665.917, 16.880
97.850, 175.975, -665.475, 16.885
97.900, 176.692, -665.030, 16.890
97.950, 177.409, -664.583, 16.895
98.000, 178.125, -664.135, 16.900
98.050, 178.840, -663.684, 16.905
98.100, 179.554, -663.232, 16.911
98.150, 180.268, -662.777, 16.916
98.200, 180.980, -662.321, 16.921
98.250, 181.691, -661.863, 16.926
98.300, 182.402, -661.403, 16.931
98.350, 183.111, -660.941, 16.936
98.400, 183.820, -660.477, 16.941
98.450, 184.528, -660.011, 16.946
98.500, 185.235, -659.543, 16.951
98.550, 185.940, -659.074, 16.956
98.600, 186.645, -658.603, 16.961
98.650, 187.349, -658.130, 16.966
98.700, 188.053, -657.656, 16.971
98.750, 188.756, -657.181, 16.976
98.800, 189.459, -656.704, 16.981
98.850, 190.161, -656.227, 16.986
98.900, 190.863, -655.749, 16.992
98.950, 191.565, -655.269, 16.997
99.000, 192.266, -654.788, 17.003
99.050, 192.966, -654.306, 17.008
99.100, 193.666, -653.823, 17.014
99.150, 194.366, -653.339, 17.019
99.200, 195.066, -652.854, 17.025
99.250, 195.765, -652.368, 17.031
99.300, 196.463, -651.881, 17.036
99.350, 197.162, -651.393, 17.042
99.400, 197.860, -650.904, 17.047
99.450, 198.557, -650.413, 17.053
99.500, 199.254, -649.922, 17.058
99.550, 199.951, -649.430, 17.063
99.600, 200.647, -648.937, 17.068
99.650, 201.343, -648.443, 17.073
99.700, 202.039, -647.947, 17.078
99.750, 202.735, -647.452, 17.084
99.800, 203.431, -646.957, 17.089
99.850, 204.127, -646.461, 17.094
99.900, 204.823, -645.965, 17.100
99.950, 205.520, -645.469, 17.106
100.000, 206.216, -644.973, 17.111
100.050, 206.913, -644.476, 17.117
100.100, 207.610, -643.979, 17.123
100.150, 208.307, -643.480, 17.128
100.200, 209.003, -642.982, 17.134
100.250, 209.700, -642.484, 17.139
100.300, 210.398, -641.985, 17.145
100.350, 211.095, -641.487, 17.151
100.400, 211.793, -640.988, 17.156
100.450, 212.491, -640.489, 17.162
100.500, 213.189, -639.989, 17.167
100.550, 213.887, -639.490, 17.172
100.600, 214.586, -638.990, 17.178
100.650, 215.284, -638.490, 17.183
100.700, 215.983, -637.990, 17.188
100.750, 216.683, -637.490, 17.194
100.800, 217.382, -636.990, 17.199
100.850, 218.082, -636.491, 17.204
100.900, 218.783, -635.992, 17.208
100.950, 219.485, -635.494, 17.212
101.000, 220.188, -634.997, 17.216
101.050, 220.891, -634.500, 17.220
101.100, 221.595, -634.004, 17.224
101.150, 222.299, -633.509, 17.227
101.200, 223.004, -633.013, 17.230
101.250, 223.709, -632.518, 17.233
101.300, 224.415, -632.024, 17.236
101.350, 225.122, -631.531, 17.239
101.400, 225.829, -631.038, 17.242
101.450, 226.538, -630.547, 17.244
101.500, 227.247, -630.056, 17.246
101.550, 227.956, -629.566, 17.249
101.600, 228.666, -629.077, 17.251
101.650, 229.377, -628.588, 17.253
101.700, 230.089, -628.100, 17.255
101.750, 230.802, -627.614, 17.257
101.800, 231.515, -627.128, 17.258
101.850, 232.228, -626.643, 17.260
101.900, 232.943, -626.158, 17.262
101.950, 233.658, -625.676, 17.263
102.000, 234.375, -625.195, 17.264
102.050, 235.094, -624.716, 17.265
102.100, 235.813, -624.239, 17.265
102.150, 236.533, -623.763, 17.265
102.200, 237.255, -623.289, 17.265
102.250, 237.977, -622.817, 17.265
102.300, 238.701, -622.346, 17.265
102.350, 239.426, -621.877, 17.265
102.400, 240.151, -621.410, 17.264
102.450, 240.878, -620.945, 17.263
102.500, 241.607, -620.481, 17.263
102.550, 242.336, -620.020, 17.262
102.600, 243.066, -619.560, 17.261
102.650, 243.798, -619.102, 17.260
102.700, 244.530, -618.646, 17.259
102.750, 245.264, -618.192, 17.258
102.800, 245.999, -617.739, 17.257
102.850, 246.735, -617.289, 17.256
102.900, 247.472, -616.840, 17.255
102.950, 248.210, -616.393, 17.254
103.000, 248.949, -615.949, 17.253
103.050, 249.690, -615.507, 17.252
103.100, 250.432, -615.068, 17.250
103.150, 251.176, -614.631, 17.248
103.200, 251.921, -614.197, 17.246
103.250, 252.668, -613.766, 17.244
103.300, 253.416, -613.338, 17.242
103.350, 254.166, -612.912, 17.239
103.400, 254.917, -612.489, 17.237
103.450, 255.669, -612.069, 17.234
103.500, 256.423, -611.652, 17.231
103.550, 257.178, -611.238, 17.228
103.600, 257.935, -610.826, 17.225
103.650, 258.693, -610.418, 17.223
103.700, 259.453, -610.013, 17.219
103.750, 260.215, -609.612, 17.216
103.800, 260.978, -609.216, 17.212
103.850, 261.743, -608.822, 17.208
103.900, 262.510, -608.433, 17.204
103.950, 263.278, -608.046, 17.201
104.000, 264.048, -607.662, 17.197
104.050, 264.819, -607.282, 17.193
104.100, 265.592, -606.906, 17.189
104.150, 266.366, -606.534, 17.185
104.200, 267.143, -606.166, 17.181
104.250, 267.920, -605.801, 17.176
104.300, 268.700, -605.441, 17.172
104.350, 269.481, -605.085, 17.168
104.400, 270.263, -604.732, 17.164
104.450, 271.047, -604.384, 17.159
104.500, 271.833, -604.039, 17.155
104.550, 272.620, -603.699, 17.151
104.600, 273.408, -603.362, 17.146
104.650, 274.198, -603.029, 17.142
104.700, 274.990, -602.701, 17.138
104.750, 275.783, -602.376, 17.134
104.800, 276.577, -602.057, 17.129
104.850, 277.374, -601.742, 17.125
104.900, 278.172, -601.433, 17.120
104.950, 278.971, -601.128, 17.115
105.000, 279.773, -600.828, 17.110
105.050, 280.575, -600.533, 17.104
105.100, 281.380, -600.243, 17.099
105.150, 282.185, -599.958, 17.094
105.200, 282.993, -599.678, 17.088
105.250, 283.801, -599.403, 17.083
105.300, 284.611, -599.133, 17.078
105.350, 285.423, -598.868, 17.072
105.400, 286.236, -598.608, 17.067
105.450, 287.050, -598.354, 17.062
105.500, 287.865, -598.104, 17.056
105.550, 288.682, -597.860, 17.051
105.600, 289.500, -597.620, 17.046
105.650, 290.320, -597.386, 17.041
105.700, 291.140, -597.157, 17.036
105.750, 291.962, -596.933, 17.031
105.800, 292.784, -596.715, 17.026
105.850, 293.608, -596.501, 17.022
105.900, 294.433, -596.294, 17.016
105.950, 295.260, -596.093, 17.011
106.000, 296.087, -595.897, 17.006
106.050, 296.916, -595.708, 17.000
106.100, 297.746, -595.525, 16.994
106.150, 298.577, -595.348, 16.989
106.200, 299.408, -595.177, 16.983
106.250, 300.241, -595.012, 16.977
106.300, 301.074, -594.853, 16.971
106.350, 301.909, -594.700, 16.965
106.400, 302.744, -594.553, 16.960
106.450, 303.580, -594.411, 16.954
106.500, 304.416, -594.276, 16.949
106.550, 305.254, -594.147, 16.943
106.600, 306.092, -594.025, 16.938
106.650, 306.930, -593.908, 16.933
106.700, 307.769, -593.798, 16.927
106.750, 308.609, -593.693, 16.922
106.800, 309.449, -593.594, 16.917
106.850, 310.289, -593.502, 16.912
106.900, 311.130, -593.414, 16.908
106.950, 311.971, -593.331, 16.904
107.000, 312.813, -593.251, 16.902
107.050, 313.654, -593.173, 16.900
107.100, 314.495, -593.097, 16.899
107.150, 315.337, -593.022, 16.900
107.200, 316.179, -592.949, 16.901
107.250, 317.021, -592.879, 16.904
107.300, 317.864, -592.809, 16.906
